<?xml version="1.0" encoding="UTF-8"?>
<module id="PMM" HW_revision="" XML_version="1" description="Power Management Module">

<!-- (c) Texas Instruments 2003-2012, All rights reserved. -->
<!-- Filename: Hercules_PMM_TMS570LS3x.xml                 -->
<!-- Version: 1.0                                          -->

  <register id="LogicPDCtrl0" acronym="LogicPDCtrl0" offset="0x0" width="32" description="Logic Power Domain Control Register"></register>
  <register id="LogicPDCtrl1" acronym="LogicPDCtrl1" offset="0x4" width="32" description="Logic Power Domain Control Register"></register>
  <register id="LogicPDCtrl2" acronym="LogicPDCtrl2" offset="0x8" width="32" description="Logic Power Domain Control Register"></register>
  <register id="LogicPDCtrl3" acronym="LogicPDCtrl3" offset="0xC" width="32" description="Logic Power Domain Control Register"></register>
  <register id="MemPDCtrl0" acronym="MemPDCtrl0" offset="0x10" width="32" description="Memory Power Domain Control Register"></register>
  <register id="MemPDCtrl1" acronym="MemPDCtrl1" offset="0x14" width="32" description="Memory Power Domain Control Register"></register>
  <register id="PDClkDis" acronym="PDClkDis" offset="0x20" width="32" description="Power Domain Clock Disable Register"></register>
  <register id="PDClkDisSet" acronym="PDClkDisSet" offset="0x24" width="32" description="Power Domain Clock Disable SET Register"></register>
  <register id="PDClkDisClr" acronym="PDClkDisClr" offset="0x28" width="32" description="Power Domain Clock Disable CLEAR Register"></register>
  <register id="IsoExtend" acronym="IsoExtend" offset="0x30" width="32" description="Isolation Extension Register"></register>
  <register id="IsoExtendSet" acronym="IsoExtendSet" offset="0x34" width="32" description="Isolation Extension SET Register"></register>
  <register id="IsoExtendClr" acronym="IsoExtendClr" offset="0x38" width="32" description="Isolation Extension CLEAR Register"></register>
  <register id="LogicPDPwrStat0" acronym="LogicPDPwrStat0" offset="0x40" width="32" description="Logic Power Domain Power Status"></register>
  <register id="LogicPDPwrStat1" acronym="LogicPDPwrStat1" offset="0x44" width="32" description="Logic Power Domain Power Status"></register>
  <register id="LogicPDPwrStat2" acronym="LogicPDPwrStat2" offset="0x48" width="32" description="Logic Power Domain Power Status"></register>
  <register id="LogicPDPwrStat3" acronym="LogicPDPwrStat3" offset="0x4C" width="32" description="Logic Power Domain Power Status"></register>
  <register id="LogicPDPwrStat4" acronym="LogicPDPwrStat4" offset="0x50" width="32" description="Logic Power Domain Power Status"></register>
  <register id="LogicPDPwrStat5" acronym="LogicPDPwrStat5" offset="0x54" width="32" description="Logic Power Domain Power Status"></register>
  <register id="LogicPDPwrStat6" acronym="LogicPDPwrStat6" offset="0x58" width="32" description="Logic Power Domain Power Status"></register>
  <register id="LogicPDPwrStat7" acronym="LogicPDPwrStat7" offset="0x5C" width="32" description="Logic Power Domain Power Status"></register>
  <register id="LogicPDPwrStat8" acronym="LogicPDPwrStat8" offset="0x60" width="32" description="Logic Power Domain Power Status"></register>
  <register id="LogicPDPwrStat9" acronym="LogicPDPwrStat9" offset="0x64" width="32" description="Logic Power Domain Power Status"></register>
  <register id="LogicPDPwrStat10" acronym="LogicPDPwrStat10" offset="0x68" width="32" description="Logic Power Domain Power Status"></register>
  <register id="LogicPDPwrStat11" acronym="LogicPDPwrStat11" offset="0x6C" width="32" description="Logic Power Domain Power Status"></register>
  <register id="LogicPDPwrStat12" acronym="LogicPDPwrStat12" offset="0x70" width="32" description="Logic Power Domain Power Status"></register>
  <register id="LogicPDPwrStat13" acronym="LogicPDPwrStat13" offset="0x74" width="32" description="Logic Power Domain Power Status"></register>
  <register id="LogicPDPwrStat14" acronym="LogicPDPwrStat14" offset="0x78" width="32" description="Logic Power Domain Power Status"></register>
  <register id="LogicPDPwrStat15" acronym="LogicPDPwrStat15" offset="0x7C" width="32" description="Logic Power Domain Power Status"></register>
  <register id="MemPwrStat0" acronym="MemPwrStat0" offset="0x80" width="32" description="Memory Power Domain Power Status"></register>
  <register id="MemPwrStat1" acronym="MemPwrStat1" offset="0x84" width="32" description="Memory Power Domain Power Status"></register>
  <register id="MemPwrStat2" acronym="MemPwrStat2" offset="0x88" width="32" description="Memory Power Domain Power Status"></register>
  <register id="MemPwrStat3" acronym="MemPwrStat3" offset="0x8C" width="32" description="Memory Power Domain Power Status"></register>
  <register id="MemPwrStat4" acronym="MemPwrStat4" offset="0x90" width="32" description="Memory Power Domain Power Status"></register>
  <register id="MemPwrStat5" acronym="MemPwrStat5" offset="0x94" width="32" description="Memory Power Domain Power Status"></register>
  <register id="MemPwrStat6" acronym="MemPwrStat6" offset="0x98" width="32" description="Memory Power Domain Power Status"></register>
  <register id="MemPwrStat7" acronym="MemPwrStat7" offset="0x9C" width="32" description="Memory Power Domain Power Status"></register>  
  <register id="GlobalCtrl1" acronym="GlobalCtrl1" offset="0xA0" width="32" description="Global Control Register1"></register>
  <register id="GlobalCtrl2" acronym="GlobalCtrl2" offset="0xA4" width="32" description="Global Control Register2"></register>
  <register id="GlobalStatus" acronym="GlobalStatus" offset="0xA8" width="32" description="Global Status Register"></register>
  <register id="PsconDiagCompKey" acronym="PsconDiagCompKey" offset="0xAC" width="32" description="PSCON Diagnostic Compare Key Register"></register>
  <register id="PsconDiagCompStat1" acronym="PsconDiagCompStat1" offset="0xB0" width="32" description="LogicPD PSCON Diagnostic Compare Status Register1"></register>
  <register id="PsconDiagCompStat2" acronym="PsconDiagCompStat2" offset="0xB4" width="32" description="LogicPD PSCON Diagnostic Compare Status Register2"></register>
  <register id="MPDDiaCompStat1" acronym="MPDDiaCompStat1" offset="0xB8" width="32" description="Memory PD PSCON Diagnostic Compare Status Register1"></register>
  <register id="MPDDiaCompStat2" acronym="MPDDiaCompStat2" offset="0xBC" width="32" description="Memory PD PSCON Diagnostic Compare Status Register2"></register>
  <register id="IsoDiaStat" acronym="IsoDiaStat" offset="0xC0" width="32" description="Isolation Diagnostic Status"></register>
</module>
