<?xml version="1.0" encoding="UTF-8"?>
<module id="Lin" HW_revision="" XML_version="1" description="Serial Communications Interface">

<!-- (c) Texas Instruments 2003-2012, All rights reserved. -->
<!-- Filename:Hercules_SCIBLIN_spec_2.0.2.xml               -->
<!-- Version:1.0                                           -->

  <register id="GlbCtrl0" acronym="GlbCtrl0" offset="0x00" width="32" description="global control register"></register>
  <register id="GlbCtrl1" acronym="GlbCtrl1" offset="0x04" width="32" description="global control register"></register>
  <register id="GlbCtrl2" acronym="GlbCtrl2" offset="0x08" width="32" description="global control register"></register>
  <register id="SetInt" acronym="SetInt" offset="0x0C" width="32" description="Set Interrupt Register"></register>
  <register id="ClearInt" acronym="ClearInt" offset="0x10" width="32" description="Clear Interrupt Register"></register>
  <register id="SetIntLVL" acronym="SetIntLVL" offset="0x14" width="32" description="Set Interrupt Level Register"></register>
  <register id="ClearIntLVL" acronym="ClearIntLVL" offset="0x18" width="32" description="Clear Interrupt Level Register"></register>
  <register id="Flr" acronym="Flr" offset="0x1C" width="32" description="Flags Register"></register>
  <register id="IntVect0" acronym="IntVect0" offset="0x20" width="32" description="Interrupt Vector Offset 0"></register>
  <register id="IntVect1" acronym="IntVect1" offset="0x24" width="32" description="Interrupt Vector Offset 1"></register>
  <register id="Format" acronym="Format" offset="0x28" width="32" description="Format Control Register"></register>
  <register id="Brsr" acronym="Brsr" offset="0x2C" width="32" description="Baud Rate Selection Register"></register>
  <register id="Ed" acronym="Ed" offset="0x30" width="32" description="SCI Data Buffer"></register>
  <register id="Rd" acronym="Rd" offset="0x34" width="32" description="SCI Data Buffer"></register>
  <register id="Td" acronym="Td" offset="0x38" width="32" description="SCI Data Buffer"></register>
  <register id="Fun" acronym="Fun" offset="0x3C" width="32" description="Pin Control 0"></register>
  <register id="Dir" acronym="Dir" offset="0x40" width="32" description="Pin Control 1"></register>
  <register id="DIn" acronym="DIn" offset="0x44" width="32" description="Pin Control 2"></register>
  <register id="DOut" acronym="DOut" offset="0x48" width="32" description="Pin Control 3"></register>
  <register id="DSet" acronym="DSet" offset="0x4C" width="32" description="Pin Control 4"></register>
  <register id="DClr" acronym="DClr" offset="0x50" width="32" description="Pin Control 5"></register>
  <register id="PDr" acronym="PDr" offset="0x54" width="32" description="Pin Control 6"></register>
  <register id="PDis" acronym="PDis" offset="0x58" width="32" description="Pin Control 7"></register>
  <register id="PSel" acronym="PSel" offset="0x5C" width="32" description="Pin Control 8"></register>
  <register id="LinComp" acronym="LinComp" offset="0x60" width="32" description="BLinCompARE Register"></register>
  <register id="LinRd0" acronym="LinRd0" offset="0x64" width="32" description="LinRd0 Register"></register>
  <register id="LinRd1" acronym="LinRd1" offset="0x68" width="32" description="LinRd1 Register"></register>
  <register id="LinMask" acronym="LinMask" offset="0x6C" width="32" description="LinMask Register"></register>
  <register id="LinId" acronym="LinId" offset="0x70" width="32" description="LinId Register"></register>
  <register id="LinTd0" acronym="LinTd0" offset="0x74" width="32" description="LIntD0 Register"></register>
  <register id="LinTd1" acronym="LinTd1" offset="0x78" width="32" description="LIntD1 Register"></register>
  <register id="MBrsr" acronym="MBrsr" offset="0x7C" width="32" description="Maximum Baud Rate Selection Register"></register>
  <register id="SrSel" acronym="SrSel" offset="0x80" width="32" description="Slew Rate Control Register"></register>
  <register id="IoDftCtrl" acronym="IoDftCtrl" offset="0x90" width="32" description="IODFT for BLin moduler"></register>
</module>
