<?xml version="1.0" encoding="UTF-8"?>
<module id="Pom" HW_revision="" XML_version="1" description="Parameter Overlay Module">

<!-- (c) Texas Instruments 2003-2012, All rights reserved. -->
<!-- Filename:Hercules_POM_spec_1.8.1.xml                    -->
<!-- Version:1.0                                           -->

  <register id="GlbCtrl" acronym="GlbCtrl" offset="0x00" width="32" description="Global Control Register"></register>
  <register id="Rev" acronym="Rev" offset="0x04" width="32" description="Revision Id"></register>
  <register id="ClkCtrl" acronym="ClkCtrl" offset="0x08" width="32" description="Clock Gate Control Register"></register>
  <register id="Flg" acronym="Flg" offset="0x0C" width="32" description="POM Flag Register"></register>
  <register id="ProgStart0" acronym="ProgStart0" offset="0x200" width="32" description="Program Region Start Address Register 0"></register>
  <register id="OvlStart0" acronym="OvlStart0" offset="0x204" width="32" description="Overlay Region Start Address Register 0"></register>
  <register id="RegSize0" acronym="RegSize0" offset="0x208" width="32" description="Region Size Register 0"></register>
  <register id="ProgStart1" acronym="ProgStart1" offset="0x210" width="32" description="Program Region Start Address Register 1"></register>
  <register id="OvlStart1" acronym="OvlStart1" offset="0x214" width="32" description="Overlay Region Start Address Register 1"></register>
  <register id="RegSize1" acronym="RegSize1" offset="0x218" width="32" description="Region Size Register 1"></register>
  <register id="ProgStart2" acronym="ProgStart2" offset="0x220" width="32" description="Program Region Start Address Register 2"></register>
  <register id="OvlStart2" acronym="OvlStart2" offset="0x224" width="32" description="Overlay Region Start Address Register 2"></register>
  <register id="RegSize2" acronym="RegSize2" offset="0x228" width="32" description="Region Size Register 2"></register>
  <register id="ProgStart3" acronym="ProgStart3" offset="0x230" width="32" description="Program Region Start Address Register 3"></register>
  <register id="OvlStart3" acronym="OvlStart3" offset="0x234" width="32" description="Overlay Region Start Address Register 3"></register>
  <register id="RegSize3" acronym="RegSize3" offset="0x238" width="32" description="Region Size Register 3"></register>
  <register id="ProgStart4" acronym="ProgStart4" offset="0x240" width="32" description="Program Region Start Address Register 4"></register>
  <register id="OvlStart4" acronym="OvlStart4" offset="0x244" width="32" description="Overlay Region Start Address Register 4"></register>
  <register id="RegSize4" acronym="RegSize4" offset="0x248" width="32" description="Region Size Register 4"></register>
  <register id="ProgStart5" acronym="ProgStart5" offset="0x250" width="32" description="Program Region Start Address Register 5"></register>
  <register id="OvlStart5" acronym="OvlStart5" offset="0x254" width="32" description="Overlay Region Start Address Register 5"></register>
  <register id="RegSize5" acronym="RegSize5" offset="0x258" width="32" description="Region Size Register 5"></register>
  <register id="ProgStart6" acronym="ProgStart6" offset="0x260" width="32" description="Program Region Start Address Register 6"></register>
  <register id="OvlStart6" acronym="OvlStart6" offset="0x264" width="32" description="Overlay Region Start Address Register 6"></register>
  <register id="RegSize6" acronym="RegSize6" offset="0x268" width="32" description="Region Size Register 6"></register>
  <register id="ProgStart7" acronym="ProgStart7" offset="0x270" width="32" description="Program Region Start Address Register 7"></register>
  <register id="OvlStart7" acronym="OvlStart7" offset="0x274" width="32" description="Overlay Region Start Address Register 7"></register>
  <register id="RegSize7" acronym="RegSize7" offset="0x278" width="32" description="Region Size Register 7"></register>
  <register id="ProgStart8" acronym="ProgStart8" offset="0x280" width="32" description="Program Region Start Address Register 8"></register>
  <register id="OvlStart8" acronym="OvlStart8" offset="0x284" width="32" description="Overlay Region Start Address Register 8"></register>
  <register id="RegSize8" acronym="RegSize8" offset="0x288" width="32" description="Region Size Register 8"></register>
  <register id="ProgStart9" acronym="ProgStart9" offset="0x290" width="32" description="Program Region Start Address Register 9"></register>
  <register id="OvlStart9" acronym="OvlStart9" offset="0x294" width="32" description="Overlay Region Start Address Register 9"></register>
  <register id="RegSize9" acronym="RegSize9" offset="0x298" width="32" description="Region Size Register 9"></register>
  <register id="ProgStart10" acronym="ProgStart10" offset="0x2A0" width="32" description="Program Region Start Address Register 10"></register>
  <register id="OvlStart10" acronym="OvlStart10" offset="0x2A4" width="32" description="Overlay Region Start Address Register 10"></register>
  <register id="RegSize10" acronym="RegSize10" offset="0x2A8" width="32" description="Region Size Register 10"></register>
  <register id="ProgStart11" acronym="ProgStart11" offset="0x2B0" width="32" description="Program Region Start Address Register 11"></register>
  <register id="OvlStart11" acronym="OvlStart11" offset="0x2B4" width="32" description="Overlay Region Start Address Register 11"></register>
  <register id="RegSize11" acronym="RegSize11" offset="0x2B8" width="32" description="Region Size Register 11"></register>
  <register id="ProgStart12" acronym="ProgStart12" offset="0x2C0" width="32" description="Program Region Start Address Register 12"></register>
  <register id="OvlStart12" acronym="OvlStart12" offset="0x2C4" width="32" description="Overlay Region Start Address Register 12"></register>
  <register id="RegSize12" acronym="RegSize12" offset="0x2C8" width="32" description="Region Size Register 12"></register>
  <register id="ProgStart13" acronym="ProgStart13" offset="0x2D0" width="32" description="Program Region Start Address Register 13"></register>
  <register id="OvlStart13" acronym="OvlStart13" offset="0x2D4" width="32" description="Overlay Region Start Address Register 13"></register>
  <register id="RegSize13" acronym="RegSize13" offset="0x2D8" width="32" description="Region Size Register 13"></register>
  <register id="ProgStart14" acronym="ProgStart14" offset="0x2E0" width="32" description="Program Region Start Address Register 14"></register>
  <register id="OvlStart14" acronym="OvlStart14" offset="0x2E4" width="32" description="Overlay Region Start Address Register 14"></register>
  <register id="RegSize14" acronym="RegSize14" offset="0x2E8" width="32" description="Region Size Register 14"></register>
  <register id="ProgStart15" acronym="ProgStart15" offset="0x2F0" width="32" description="Program Region Start Address Register 15"></register>
  <register id="OvlStart15" acronym="OvlStart15" offset="0x2F4" width="32" description="Overlay Region Start Address Register 15"></register>
  <register id="RegSize15" acronym="RegSize15" offset="0x2F8" width="32" description="Region Size Register 15"></register>
  <register id="ProgStart16" acronym="ProgStart16" offset="0x300" width="32" description="Program Region Start Address Register 16"></register>
  <register id="OvlStart16" acronym="OvlStart16" offset="0x304" width="32" description="Overlay Region Start Address Register 16"></register>
  <register id="RegSize16" acronym="RegSize16" offset="0x308" width="32" description="Region Size Register 16"></register>
  <register id="ProgStart17" acronym="ProgStart17" offset="0x310" width="32" description="Program Region Start Address Register 17"></register>
  <register id="OvlStart17" acronym="OvlStart17" offset="0x314" width="32" description="Overlay Region Start Address Register 17"></register>
  <register id="RegSize17" acronym="RegSize17" offset="0x318" width="32" description="Region Size Register 17"></register>
  <register id="ProgStart18" acronym="ProgStart18" offset="0x320" width="32" description="Program Region Start Address Register 18"></register>
  <register id="OvlStart18" acronym="OvlStart18" offset="0x324" width="32" description="Overlay Region Start Address Register 18"></register>
  <register id="RegSize18" acronym="RegSize18" offset="0x328" width="32" description="Region Size Register 18"></register>
  <register id="ProgStart19" acronym="ProgStart19" offset="0x330" width="32" description="Program Region Start Address Register 19"></register>
  <register id="OvlStart19" acronym="OvlStart19" offset="0x334" width="32" description="Overlay Region Start Address Register 19"></register>
  <register id="RegSize19" acronym="RegSize19" offset="0x338" width="32" description="Region Size Register 19"></register>
  <register id="ProgStart20" acronym="ProgStart20" offset="0x340" width="32" description="Program Region Start Address Register 20"></register>
  <register id="OvlStart20" acronym="OvlStart20" offset="0x344" width="32" description="Overlay Region Start Address Register 20"></register>
  <register id="RegSize20" acronym="RegSize20" offset="0x348" width="32" description="Region Size Register 20"></register>
  <register id="ProgStart21" acronym="ProgStart21" offset="0x350" width="32" description="Program Region Start Address Register 21"></register>
  <register id="OvlStart21" acronym="OvlStart21" offset="0x354" width="32" description="Overlay Region Start Address Register 21"></register>
  <register id="RegSize21" acronym="RegSize21" offset="0x358" width="32" description="Region Size Register 21"></register>
  <register id="ProgStart22" acronym="ProgStart22" offset="0x360" width="32" description="Program Region Start Address Register 22"></register>
  <register id="OvlStart22" acronym="OvlStart22" offset="0x364" width="32" description="Overlay Region Start Address Register 22"></register>
  <register id="RegSize22" acronym="RegSize22" offset="0x368" width="32" description="Region Size Register 22"></register>
  <register id="ProgStart23" acronym="ProgStart23" offset="0x370" width="32" description="Program Region Start Address Register 23"></register>
  <register id="OvlStart23" acronym="OvlStart23" offset="0x374" width="32" description="Overlay Region Start Address Register 23"></register>
  <register id="RegSize23" acronym="RegSize23" offset="0x378" width="32" description="Region Size Register 23"></register>
  <register id="ProgStart24" acronym="ProgStart24" offset="0x380" width="32" description="Program Region Start Address Register 24"></register>
  <register id="OvlStart24" acronym="OvlStart24" offset="0x384" width="32" description="Overlay Region Start Address Register 24"></register>
  <register id="RegSize24" acronym="RegSize24" offset="0x388" width="32" description="Region Size Register 24"></register>
  <register id="ProgStart25" acronym="ProgStart25" offset="0x390" width="32" description="Program Region Start Address Register 25"></register>
  <register id="OvlStart25" acronym="OvlStart25" offset="0x394" width="32" description="Overlay Region Start Address Register 25"></register>
  <register id="RegSize25" acronym="RegSize25" offset="0x398" width="32" description="Region Size Register 25"></register>
  <register id="ProgStart26" acronym="ProgStart26" offset="0x3A0" width="32" description="Program Region Start Address Register 26"></register>
  <register id="OvlStart26" acronym="OvlStart26" offset="0x3A4" width="32" description="Overlay Region Start Address Register 26"></register>
  <register id="RegSize26" acronym="RegSize26" offset="0x3A8" width="32" description="Region Size Register 26"></register>
  <register id="ProgStart27" acronym="ProgStart27" offset="0x3B0" width="32" description="Program Region Start Address Register 27"></register>
  <register id="OvlStart27" acronym="OvlStart27" offset="0x3B4" width="32" description="Overlay Region Start Address Register 27"></register>
  <register id="RegSize27" acronym="RegSize27" offset="0x3B8" width="32" description="Region Size Register 27"></register>
  <register id="ProgStart28" acronym="ProgStart28" offset="0x3C0" width="32" description="Program Region Start Address Register 28"></register>
  <register id="OvlStart28" acronym="OvlStart28" offset="0x3C4" width="32" description="Overlay Region Start Address Register 28"></register>
  <register id="RegSize28" acronym="RegSize28" offset="0x3C8" width="32" description="Region Size Register 28"></register>
  <register id="ProgStart29" acronym="ProgStart29" offset="0x3D0" width="32" description="Program Region Start Address Register 29"></register>
  <register id="OvlStart29" acronym="OvlStart29" offset="0x3D4" width="32" description="Overlay Region Start Address Register 29"></register>
  <register id="RegSize29" acronym="RegSize29" offset="0x3D8" width="32" description="Region Size Register 29"></register>
  <register id="ProgStart30" acronym="ProgStart30" offset="0x3E0" width="32" description="Program Region Start Address Register 30"></register>
  <register id="OvlStart30" acronym="OvlStart30" offset="0x3E4" width="32" description="Overlay Region Start Address Register 30"></register>
  <register id="RegSize30" acronym="RegSize30" offset="0x3E8" width="32" description="Region Size Register 30"></register>
  <register id="ProgStart31" acronym="ProgStart31" offset="0x3F0" width="32" description="Program Region Start Address Register 31"></register>
  <register id="OvlStart31" acronym="OvlStart31" offset="0x3F4" width="32" description="Overlay Region Start Address Register 31"></register>
  <register id="RegSize31" acronym="RegSize31" offset="0x3F8" width="32" description="Region Size Register 31"></register>
  <register id="ItCtrl" acronym="ItCtrl" offset="0xF00" width="32" description="Integration Control Register"></register>
  <register id="ClaimSet" acronym="ClaimSet" offset="0xFA0" width="32" description="Claim Set Register"></register>
  <register id="ClaimClr" acronym="ClaimClr" offset="0xFA4" width="32" description="Claim Clear Register"></register>
  <register id="LockAccess" acronym="LockAccess" offset="0xFB0" width="32" description="Lock Access Register"></register>
  <register id="LockStatus" acronym="LockStatus" offset="0xFB4" width="32" description="Lock Status Register"></register>
  <register id="AuthStatus" acronym="AuthStatus" offset="0xFB8" width="32" description="Authentication Status Register"></register>
  <register id="DevId" acronym="DevId" offset="0xFC8" width="32" description="Device Id Register"></register>
  <register id="DevType" acronym="DevType" offset="0xFCC" width="32" description="Device Type Register"></register>
  <register id="PeripheralId4" acronym="PeripheralId4" offset="0xFD0" width="32" description="Peripheral Id 4 Register"></register>
  <register id="PeripheralId5" acronym="PeripheralId5" offset="0xFD4" width="32" description="Peripheral Id 5 Register"></register>
  <register id="PeripheralId6" acronym="PeripheralId6" offset="0xFD8" width="32" description="Peripheral Id 6 Register"></register>
  <register id="PeripheralId7" acronym="PeripheralId7" offset="0xFDC" width="32" description="Peripheral Id 7 Register"></register>
  <register id="PeripheralId0" acronym="PeripheralId0" offset="0xFE0" width="32" description="Peripheral Id 0 Register"></register>
  <register id="PeripheralId1" acronym="PeripheralId1" offset="0xFE4" width="32" description="Peripheral Id 1 Register"></register>
  <register id="PeripheralId2" acronym="PeripheralId2" offset="0xFE8" width="32" description="Peripheral Id 2 Register"></register>
  <register id="PeripheralId3" acronym="PeripheralId3" offset="0xFEC" width="32" description="Peripheral Id 3 Register"></register>
  <register id="ComponentId0" acronym="ComponentId0" offset="0xFF0" width="32" description="Component Id 0 Register"></register>
  <register id="ComponentId1" acronym="ComponentId1" offset="0xFF4" width="32" description="Component Id 1 Register"></register>
  <register id="ComponentId2" acronym="ComponentId2" offset="0xFF8" width="32" description="Component Id 2 Register"></register>
  <register id="ComponentId3" acronym="ComponentId3" offset="0xFFC" width="32" description="Component Id 3 Register"></register>
</module>
