<?xml version="1.0" encoding="UTF-8"?>
<module id="Gio" HW_revision="" XML_version="1" description="General Purpose Input Output">

<!-- (c) Texas Instruments 2003-2012, All rights reserved. -->
<!-- Filename:Hercules_GIO_general_spec_1.2.xml              -->
<!-- Version:1.0                                           -->

  <register id="GlbCtrl" acronym="GlbCtrl" offset="0x0" width="32" description="Global Control Register"></register>
  <register id="PwDn" acronym="PwDn" offset="0x4" width="32" description="Power Down"></register>
  <register id="IntDet" acronym="IntDet" offset="0x8" width="32" description="Interrupt Detect"></register>
  <register id="IntPol" acronym="Pol" offset="0xC" width="32" description="Interrupt Polarity"></register>
  <register id="IntEnaSet" acronym="EnaSet" offset="0x10" width="32" description="Interrupt Enable Set"></register>
  <register id="IntEnaClr" acronym="EnaClr" offset="0x14" width="32" description="Interrupt Enable Clear"></register>
  <register id="IntLvlSet" acronym="LvlSet" offset="0x18" width="32" description="Interrupt Priority Set"></register>
  <register id="IntLvlClr" acronym="LvlClr" offset="0x1C" width="32" description="Interrupt Priority Clear"></register>
  <register id="IntFlg" acronym="IntFlg" offset="0x20" width="32" description="Interrupt Flag"></register>
  <register id="OffstA" acronym="OffstA" offset="0x24" width="32" description="Offset A"></register>
  <register id="OffstB" acronym="OffstB" offset="0x28" width="32" description="Offset B"></register>
  <register id="EmuA" acronym="EmuA" offset="0x2C" width="32" description="Emulation A"></register>
  <register id="EmuB" acronym="EmuB" offset="0x30" width="32" description="Emulation B"></register>
</module>
