<?xml version="1.0" encoding="UTF-8" ?> 
<!-- 
  TI File $Revision: 
  Checkin $Date: 
  --> 

<!--  Hercules EPWM REGS Registers 
     =================================== 
     The offsets noted below are based on the base address that is specified in the device file that includes this file 
     --> 
<module id="EPWM REGS" HW_revision="" XML_version="1" description="EPWM REGS Registers">
    <register id="TBSTS" acronym="TBSTS" offset="0x00" page="0" width="16" description="Time Base Status Register" />
    <register id="TBCTL" acronym="TBCTL" offset="0x02" page="0" width="16" description="Time Base Control Register" />
    <register id="TBPHS" acronym="TBPHS" offset="0x04" page="0" width="16" description="Time Base Phase Register " />
    <!--  1 empty  -->
    <register id="TBPRD" acronym="TBPRD" offset="0x08" page="0" width="16" description="Time Base Period Register " />
    <register id="TBCTR" acronym="TBCTR" offset="0x0A" page="0" width="16" description="Time Base Counter Register" />
    <register id="CMPCTL" acronym="CMPCTL" offset="0x0C" page="0" width="16" description="Counter Compare Control Register" />
    <!--  1 empty  -->
    <register id="CMPA" acronym="CMPA" offset="0x10" page="0" width="16" description="Counter Compare A Register " />
    <!--  1 empty  -->
    <register id="AQCTLA" acronym="AQCTLA" offset="0x14" page="0" width="16" description="Action Qualifier Control Register For Output A " />
    <register id="CMPB" acronym="CMPB" offset="0x16" page="0" width="16" description="Counter Compare B Register " />
    <register id="AQSFRC" acronym="AQSFRC" offset="0x18" page="0" width="16" description="Action Qualifier Software Force Register" />
    <register id="AQCTLB" acronym="AQCTLB" offset="0x1A" page="0" width="16" description="Action Qualifier Control Register For Output B " />
    <register id="DBCTL" acronym="DBCTL" offset="0x1C" page="0" width="16" description="Dead-Band Generator Control Register" />
    <register id="AQCSFRC" acronym="AQCSFRC" offset="0x1E" page="0" width="16" description="Action Qualifier Continuous S/W Force Register " />
    <register id="DBFED" acronym="DBFED" offset="0x20" page="0" width="16" description="Dead-Band Generator Falling Edge Delay Count Register" />
    <register id="DBRED" acronym="DBRED" offset="0x22" page="0" width="16" description="Dead-Band Generator Rising Edge Delay Count Register " />
    <register id="TZDCSEL" acronym="TZDCSEL" offset="0x24" page="0" width="16" description="Trip Zone Digital Comparator Select Register" />
    <register id="TZSEL" acronym="TZSEL" offset="0x26" page="0" width="16" description="Trip Zone Select Register " />
    <register id="TZEINT" acronym="TZEINT" offset="0x28" page="0" width="16" description="Trip Zone Enable Interrupt Register" />
    <register id="TZCTL" acronym="TZCTL" offset="0x2A" page="0" width="16" description="Trip Zone Control Register" />
    <register id="TZCLR" acronym="TZCLR" offset="0x2C" page="0" width="16" description="Trip Zone Clear Register" />
    <register id="TZFLG" acronym="TZFLG" offset="0x2E" page="0" width="16" description="Trip Zone Flag Register" />
    <register id="ETSEL" acronym="ETSEL" offset="0x30" page="0" width="16" description="Event Trigger Selection Register" />
    <register id="TZFRC" acronym="TZFRC" offset="0x32" page="0" width="16" description="Trip Zone Force Register" />
    <register id="ETFLG" acronym="ETFLG" offset="0x34" page="0" width="16" description="Event Trigger Flag Register" />
    <register id="ETPS" acronym="ETPS" offset="0x36" page="0" width="16" description="Event Trigger Pre-Scale Register" />
    <register id="ETFRC" acronym="ETFRC" offset="0x38" page="0" width="16" description="Event Trigger Force Register" />
    <register id="ETCLR" acronym="ETCLR" offset="0x3A" page="0" width="16" description="Event Trigger Clear Register" />
	<!-- 1 empty -->        
    <register id="PCCTL" acronym="PCCTL" offset="0x3E" page="0" width="16" description="PWM Chopper Control Register" />
	<!-- 1 empty -->        
	<!-- 1 empty -->        
	<!-- 4 empty -->        
	<!-- 1 empty -->        
	<!-- 1 empty -->        
	<!-- 1 empty -->        
	<!-- 1 empty -->        
	<!-- 1 empty -->        
	<!-- 1 empty -->        
	<!-- 2 empty -->        
    <register id="DCACTL" acronym="DCACTL" offset="0x60" page="0" width="16" description="Digital Compare A Control Register" />
    <register id="DCTRIPSEL" acronym="DCTRIPSEL" offset="0x62" page="0" width="16" description="Digital Compare Trip Select Register" />
    <register id="DCFCTL" acronym="DCFCTL" offset="0x64" page="0" width="16" description="Digital Compare Filter Control Register" />
    <register id="DCBCTL" acronym="DCBCTL" offset="0x66" page="0" width="16" description="Digital Compare B Control Register" />
    <register id="DCFOFFSET" acronym="DCFOFFSET" offset="0x68" page="0" width="16" description="Digital Compare Filter Offset Register " />
    <register id="DCCAPCTL" acronym="DCCAPCTL" offset="0x6A" page="0" width="16" description="Digital Compare Capture Control Register" />
    <register id="DCFWINDOW" acronym="DCFWINDOW" offset="0x6C" page="0" width="16" description="Digital Compare Filter Window Register" />
    <register id="DCFOFFSETCNT" acronym="DCFOFFSETCNT" offset="0x6E" page="0" width="16" description="Digital Compare Filter Offset Counter Register" />
    <register id="DCCAP" acronym="DCCAP" offset="0x70" page="0" width="16" description="Digital Compare Counter Capture Register " />
    <register id="DCFWINDOWCNT" acronym="DCFWINDOWCNT" offset="0x72" page="0" width="16" description="Digital Compare Filter Window Counter Register" />
</module>