<?xml version="1.0" encoding="UTF-8"?>
<module id="NHET" HW_revision="" XML_version="1" description="Platform High End Timer">

<!-- (c) Texas Instruments 2003-2012, All rights reserved. -->
<!-- Filename: Hercules_NHET_spec_0.6.2.xml                  -->
<!-- Version:0.6                                           -->
<!-- Version:0.7 Changed register @ 0x4C from HrSh to Dir  -->

  <register id="GlbCtrl" acronym="GlbCtrl" offset="0x00" width="32" description="global control register"></register>
  <register id="Pfr" acronym="Pfr" offset="0x04" width="32" description="prescaler factor register"></register>
  <register id="Addr" acronym="Addr" offset="0x08" width="32" description="Current Address Register"></register>
  <register id="Offst1" acronym="Offst1" offset="0x0C" width="32" description=" Offset Level 1 Register"></register>
  <register id="Offst2" acronym="Offst2" offset="0x10" width="32" description=" Offset Level 2 Register"></register>
  <register id="IntEnaSet" acronym="IntEnaSet" offset="0x14" width="32" description=" Interrupt Enable Set Register"></register>
  <register id="IntEnaClr" acronym="IntEnaClr" offset="0x18" width="32" description=" Interrupt Enable Clear Register"></register>
  <register id="Exc1" acronym="Exc1" offset="0x1C" width="32" description=" Exception Control Register 1"></register>
  <register id="Exc2" acronym="Exc2" offset="0x20" width="32" description=" Exception Control Register 2"></register>
  <register id="IntPrio" acronym="IntPrio" offset="0x24" width="32" description=" Interrupt Priority Register"></register>
  <register id="IntFlg" acronym="IntFlg" offset="0x28" width="32" description=" Interrupt Flag Register"></register>
  <register id="HrSh" acronym="HrSh" offset="0x34" width="32" description=" HR Share Control Register"></register>
  <register id="Xor" acronym="Xor" offset="0x38" width="32" description=" HR Xor control register"></register>
  <register id="ReqEnaSet" acronym="ReqEnaSet" offset="0x3C" width="32" description=" Request Enable Set Register"></register>
  <register id="ReqEnaClr" acronym="ReqEnaClr" offset="0x40" width="32" description=" Request Enable Clear Register"></register>
  <register id="ReqDst" acronym="ReqDst" offset="0x44" width="32" description=" Request Destination Select Register"></register>
  <register id="Dir" acronym="Dir" offset="0x4C" width="32" description=" Direction Register"></register>
  <register id="DIn" acronym="DIn" offset="0x50" width="32" description=" Input Data Register"></register>
  <register id="DOut" acronym="DOut" offset="0x54" width="32" description=" Output Data Register"></register>
  <register id="DSet" acronym="DSet" offset="0x58" width="32" description=" Set Data Register"></register>
  <register id="DClr" acronym="DClr" offset="0x5C" width="32" description=" Clear Data Register"></register>
  <register id="PDr" acronym="PDr" offset="0x60" width="32" description=" Open Drain Register"></register>
  <register id="PDis" acronym="PDis" offset="0x64" width="32" description=" Pull Disable Register"></register>
  <register id="PSel" acronym="PSel" offset="0x68" width="32" description=" Pull Select Register"></register>
  <register id="ParCtrl" acronym="ParCtrl" offset="0x74" width="32" description=" Parity Control Register"></register>
  <register id="ParAddr" acronym="ParAddr" offset="0x78" width="32" description=" Parity Address Register"></register>
  <register id="ParPinReg" acronym="ParPinReg" offset="0x7C" width="32" description=" Parity Pin Register"></register>
  <register id="SfPrld" acronym="SfPrld" offset="0x80" width="32" description=" Suppresion Filter Preload Register"></register>
  <register id="SfEna" acronym="SfEna" offset="0x84" width="32" description=" Suppresion Filter Enable Register"></register>
  <register id="LbPairSel" acronym="LbPairSel" offset="0x8C" width="32" description=" Loop Back Pair Select Register"></register>
  <register id="LbPairDir" acronym="LbPairDir" offset="0x90" width="32" description=" Loop Back Pair Direction Register"></register>
  <register id="PinDis" acronym="PinDis" offset="0x94" width="32" description= "Pin Disable Register"></register>
  <register id="HWAGCR0" acronym="HWAGCR0" offset="0xA0" width="32" description= "HWAG Control Register 0"></register>
  <register id="HWAGCR1" acronym="HWAGCR1" offset="0xA4" width="32" description= "HWAG Control Register 1"></register>
  <register id="HWAGCR2" acronym="HWAGCR2" offset="0xA8" width="32" description= "HWAG Control Register 2"></register>
  <register id="HWAENASET" acronym="HWAENASET" offset="0xAC" width="32" description= "HWAG Interrupt Enable Set Register"></register>
  <register id="HWAENACLR" acronym="HWAENACLR" offset="0xB0" width="32" description= "HWAG Interrupt Enable Clear Register"></register>
  <register id="HWALVLSET" acronym="HWALVLSET" offset="0xB4" width="32" description= "HWAG Interrupt Priority Set Register"></register>
  <register id="HWALVLCLR" acronym="HWALVLCLR" offset="0xB8" width="32" description= "HWAG Interrupt Priority Clear Register"></register>
  <register id="HWAFLG" acronym="HWAFLG" offset="0xBC" width="32" description= "HWAG Interrupt Flags Register"></register>
  <register id="HWAOFF0" acronym="HWAOFF0" offset="0xC0" width="32" description= "HWAG Interrupt Offset Register 1, HWAG Low Priority Interrupt Offset"></register>
  <register id="HWAOFF1" acronym="HWAOFF1" offset="0xC4" width="32" description= "HWAG Interrupt Offset Register 2, HWAG High Priority Interrupt Offset"></register>
  <register id="HWAACNT" acronym="HWAACNT" offset="0xC8" width="32" description= "HWAG ACNT Register, HWAG Angle Value"></register>
  <register id="HWAPCNT1" acronym="HWAPCNT1" offset="0xCC" width="32" description= "HWAG PCNT (n-1) Register, HWAG Previous Tooth Period"></register>
  <register id="HWAPCNT" acronym="HWAPCNT" offset="0xD0" width="32" description= "HWAG PCNT (n) Register, HWAG Current Tooth Period"></register>
  <register id="HWASTWD" acronym="HWASTWD" offset="0xD4" width="32" description= "HWAG Step Register"></register>
  <register id="HWATHNB" acronym="HWATHNB" offset="0xD8" width="32" description= "HWAG Teeth Number Register"></register>
  <register id="HWATHVL" acronym="HWATHVL" offset="0xDC" width="32" description= "HHWAG Current Teeth Number Register"></register>
  <register id="HWAFIL" acronym="HWAFIL" offset="0xE0" width="32" description= "HWAG Filter Register, HWAG Tick Counter Compare Value"></register>
  <register id="HWAFIL2" acronym="HWAFIL2" offset="0xE8" width="32" description= "HWAG Filter Register 2, HWAG Tick Counter Compare Value During Singularity Tooth"></register>
  <register id="HWAANGI" acronym="HWAANGI" offset="0xF0" width="32" description= "HWAG Angle Increment Register"></register>
</module>
