<?xml version="1.0" encoding="UTF-8"?>
<module id="Crc" HW_revision="" XML_version="1" description="Cyclic Redundancy Check">

<!-- (c) Texas Instruments 2003-2012, All rights reserved. -->
<!-- Filename: Hercules_Mspec_1.1.1.xml                    -->
<!-- Version: 1.0                                          -->

  <register id="Ctrl0" acronym="Ctrl0" offset="0x0" width="32" description="CRC Global Control Register 0"></register>
  <register id="Ctrl1" acronym="Ctrl1" offset="0x8" width="32" description="CRC Global Control Register 1"></register>
  <register id="Ctrl2" acronym="Ctrl2" offset="0x10" width="32" description="CRC Global Control Register 2"></register>
  <register id="IntSet" acronym="IntSet" offset="0x18" width="32" description="Write one to a bit to enable a interrupt"></register>
  <register id="IntClr" acronym="IntClr" offset="0x20" width="32" description="Write one to a bit to disable a interrupt"></register>
  <register id="IntStat" acronym="IntStat" offset="0x28" width="32" description="CRC Interrupt Status Register"></register>
  <register id="IntOffst" acronym="IntOffst" offset="0x30" width="32" description="CRC Interrupt Offset Register"></register>
  <register id="Busy" acronym="Busy" offset="0x38" width="32" description="CRC Busy Register"></register>
  <register id="PCount1" acronym="PCount1" offset="0x40" width="32" description="CRC Pattern Counter Preload Register 1"></register>
  <register id="SCount1" acronym="SCount1" offset="0x44" width="32" description="CRC Sector Counter Preload Register 1"></register>
  <register id="CurSec1" acronym="CurSec1" offset="0x48" width="32" description="CRC Current Sector Register 1"></register>
  <register id="WdToPld1" acronym="WdToPld1" offset="0x4C" width="32" description="Watchdog Timeout Preload Register"></register>
  <register id="BcToPld1" acronym="BcToPld1" offset="0x50" width="32" description="CRC Channel 1 Block Complete Timeout Preload Register"></register>
  <register id="PsaSigL1" acronym="PsaSigL1" offset="0x60" width="32" description="Channel 1 PSA signature low register"></register>
  <register id="PsaSigH1" acronym="PsaSigH1" offset="0x64" width="32" description="Channel 1 PSA signature high register"></register>
  <register id="CrcValL1" acronym="CrcValL1" offset="0x68" width="32" description="Channel 1 CRC value low register"></register>
  <register id="CrcValH1" acronym="CrcValH1" offset="0x6C" width="32" description="Channel 1 CRC value high register"></register>
  <register id="PsaSecSigL1" acronym="PsaSecSigL1" offset="0x70" width="32" description="PSA Sector Signature Low Register 1"></register>
  <register id="PsaSecSigH1" acronym="PsaSecSigH1" offset="0x74" width="32" description="PSA Sector Signature High Register 1"></register>
  <register id="RawDataL1" acronym="RawDataL1" offset="0x78" width="32" description="Raw Data Low Register 1"></register>
  <register id="RawDataH1" acronym="RawDataH1" offset="0x7C" width="32" description="Raw Data High Register 1"></register>
  <register id="PCount2" acronym="PCount2" offset="0x80" width="32" description="CRC Pattern Counter Preload Register 1"></register>
  <register id="SCount2" acronym="SCount2" offset="0x84" width="32" description="CRC Sector Counter Preload Register 1"></register>
  <register id="CurSec2" acronym="CurSec2" offset="0x88" width="32" description="CRC Current Sector Register 1"></register>
  <register id="WdToPld2" acronym="WdToPld2" offset="0x8C" width="32" description="Watchdog Timeout Preload Register"></register>
  <register id="BcToPld2" acronym="BcToPld2" offset="0x90" width="32" description="CRC Channel 1 Block Complete Timeout Preload Register"></register>
  <register id="PsaSigL2" acronym="PsaSigL2" offset="0xA0" width="32" description="Channel 2 PSA signature low register"></register>
  <register id="PsaSigH2" acronym="PsaSigH2" offset="0xA4" width="32" description="Channel 2 PSA signature high register"></register>
  <register id="CrcValL2" acronym="CrcValL2" offset="0xA8" width="32" description="Channel 2 CRC value low register"></register>
  <register id="CrcValH2" acronym="CrcValH2" offset="0xAC" width="32" description="Channel 2 CRC value high register"></register>
  <register id="PsaSecSigL2" acronym="PsaSecSigL2" offset="0xB0" width="32" description="PSA Sector Signature Low Register 2"></register>
  <register id="PsaSecSigH2" acronym="PsaSecSigH2" offset="0xB4" width="32" description="PSA Sector Signature High Register 2"></register>
  <register id="RawDataL2" acronym="RawDataL2" offset="0xB8" width="32" description="Raw Data Low Register 2"></register>
  <register id="RawDataH2" acronym="RawDataH2" offset="0xBc" width="32" description="Raw Data High Register 2"></register>
  <register id="PCount3" acronym="PCountReg3" offset="0xC0" width="32" description="CRC Pattern Counter Preload Register 3"></register>
  <register id="SCount3" acronym="SCountReg3" offset="0xC4" width="32" description="CRC Sector Counter Preload Register 3"></register>
  <register id="CurSec3" acronym="CurSec3" offset="0xC8" width="32" description="CRC Current Sector Register 3"></register>
  <register id="WdToPld3" acronym="WdToPld3" offset="0xCC" width="32" description="Watchdog Timeout Preload Register"></register>
  <register id="BcToPld3" acronym="BcToPld3" offset="0xD0" width="32" description="CRC Channel 3 Block Complete Timeout Preload Register"></register>
  <register id="PsaSigL3" acronym="PsaSigL3" offset="0xE0" width="32" description="Channel 3 PSA signature low register"></register>
  <register id="PsaSigH3" acronym="PsaSigH3" offset="0xE4" width="32" description="Channel 3 PSA signature high register"></register>
  <register id="CrcValL3" acronym="CrcValL3" offset="0xE8" width="32" description="Channel 3 CRC value low register"></register>
  <register id="CrcValH3" acronym="CrcValH3" offset="0xEC" width="32" description="Channel 3 CRC value high register"></register>
  <register id="PsaSecSigL3" acronym="PsaSecSigL3" offset="0xF0" width="32" description="PSA Sector Signature Low Register 3"></register>
  <register id="PsaSecSigH3" acronym="PsaSecSigH3" offset="0xF4" width="32" description="PSA Sector Signature High Register 3"></register>
  <register id="RawDataL3" acronym="RawDataL3" offset="0xF8" width="32" description="Raw Data Low Register 3"></register>
  <register id="RawDataH3" acronym="RawDataH3" offset="0xFC" width="32" description="Raw Data High Register 3"></register>
  <register id="PCount4" acronym="PCount4" offset="0x100" width="32" description="CRC Pattern Counter Preload Register 4"></register>
  <register id="SCount4" acronym="SCount4" offset="0x104" width="32" description="CRC Sector Counter Preload Register 4"></register>
  <register id="CurSec4" acronym="CurSec4" offset="0x108" width="32" description="CRC Current Sector Register 4"></register>
  <register id="WdToPld4" acronym="WdToPld4" offset="0x10C" width="32" description="Watchdog Timeout Preload Register"></register>
  <register id="BcToPld4" acronym="BcToPld4" offset="0x110" width="32" description="CRC Channel 4 Block Complete Timeout Preload Register"></register>
  <register id="PsaSigL4" acronym="PsaSigL4" offset="0x120" width="32" description="Channel 4 PSA signature low register"></register>
  <register id="PsaSigH4" acronym="PsaSigH4" offset="0x124" width="32" description="Channel 4 PSA signature high register"></register>
  <register id="CrcValL4" acronym="CrcValL4" offset="0x128" width="32" description="Channel 4 CRC value low register"></register>
  <register id="CrcValH4" acronym="CrcValH4" offset="0x12C" width="32" description="Channel 4 CRC value high register"></register>
  <register id="PsaSecSigL4" acronym="PsaSecSigL4" offset="0x130" width="32" description="PSA Sector Signature Low Register 4"></register>
  <register id="PsaSecSigH4" acronym="PsaSecSigH4" offset="0x134" width="32" description="PSA Sector Signature High Register 4"></register>
  <register id="RawDataL4" acronym="RawDataL4" offset="0x138" width="32" description="Raw Data Low Register 4"></register>
  <register id="RawDataH4" acronym="RawDataH4" offset="0x13C" width="32" description="Raw Data High Register 4"></register>
  <register id="MbusSel" acronym="MbusSel" offset="0x140" width="32" description="Data bus tracing selection"></register>
</module>
