<?xml version="1.0" encoding="UTF-8"?>
<module id="Rwm" HW_revision="" XML_version="1" description="RAM Wrapper Module">

<!-- (c) Texas Instruments 2003-2012, All rights reserved. -->
<!-- Filename: Hercules_RWM_spec_1.0.0.xml                   -->
<!-- Version: 1.0                                          -->

  <register id="Ctrl" acronym="Ctrl" offset="0x00" width="32" description="Ram Control Register 1"></register>
  <register id="Threshold" acronym="Threshold" offset="0x04" width="32" description="Threshold Register"></register>
  <register id="Occur" acronym="Occur" offset="0x08" width="32" description="Occurrence Register"></register>
  <register id="IntCtrl" acronym="IntCtrl" offset="0x0C" width="32" description="Interrupt Control Register"></register>
  <register id="ErrStatus" acronym="ErrStatus" offset="0x10" width="32" description="Memory Fault Detect Status Register"></register>
  <register id="SErrAddr" acronym="SErrAddr" offset="0x14" width="32" description="Single Error Address Register"></register>
  <register id="UErrAddr" acronym="UErrAddr" offset="0x1C" width="32" description="Uncorrectable Error Address Register"></register>
  <register id="RamTest" acronym="RamTest" offset="0x30" width="32" description="RAMTEST Register"></register>
  <register id="RamAddrDec" acronym="RamAddrDec" offset="0x38" width="32" description="RAM Address Decode TEST Register"></register>
  <register id="RamPErrAddr" acronym="RamPErrAddr" offset="0x3C" width="32" description="Address Parity Error Address Register"></register>
  <register id="InitDomain" acronym="InitDomain" offset="0x40" width="32" description="Init Domain Bitmapped Space Register"></register>
  <register id="BankDomainMap0" acronym="BankDomainMap0" offset="0x44" width="32" description="The Lower Half of the Bank_Domain_Mapping"></register>
  <register id="BankDomainMap1" acronym="BankDomainMap1" offset="0x48" width="32" description="The Upper Half of the Bank_Domain_Mapping"></register>  
</module>
