<?xml version="1.0" encoding="UTF-8"?>
<!-- (c) Texas Instruments 2003-2012, All rights reserved. -->
<!-- Filename:Hercules_eqep_type0_registers_be.xml         -->
<!-- Version:1.0                                           -->
<module id="EQEP" HW_revision="" XML_version="1" description="eQEP Control and Status Registers">
	<register id="QPOSCNT" acronym="QPOSCNT" offset="0x00" page="0" width="32" description="eQEP Position Counter" /> 
	<register id="QPOSINIT" acronym="QPOSINIT" offset="0x04" page="0" width="32" description="eQEP Initialization Position Count" />
	<register id="QPOSMAX" acronym="QPOSMAX" offset="0x08" page="0" width="32" description="eQEP Maximum Position Count" />
	<register id="QPOSCMP" acronym="QPOSCMP" offset="0x0C" page="0" width="32" description="eQEP Position-compare" />
	<register id="QPOSILAT" acronym="QPOSILAT" offset="0x10" page="0" width="32" description="eQEP Index Position Latch" />
	<register id="QPOSSLAT" acronym="QPOSSLAT" offset="0x14" page="0" width="32" description="eQEP Strobe Position Latch" />
	<register id="QPOSLAT" acronym="QPOSLAT" offset="0x18" page="0" width="32" description="eQEP Position Latch" />
	<register id="QUTMR" acronym="QUTMR" offset="0x1C" page="0" width="32" description="eQEP Unit Timer" />
	<register id="QUPRD" acronym="QUPRD" offset="0x20" page="0" width="32" description="eQEP Unit Period Register" />
  <register id="QWDPRD" acronym="QWDPRD" offset="0x24" page="0" width="16" description="eQEP Watchdog Period Register" />
  <register id="QWDTMR" acronym="QWDTMR" offset="0x26" page="0" width="16" description="eQEP Watchdog Timer" />
  <register id="QEPCTL" acronym="QEPCTL" offset="0x28" page="0" width="16" description="eQEP Control Register" />
	<register id="QDECCTL" acronym="QDECCTL" offset="0x2A" page="0" width="16" description="eQEP Decoder Control Register" />
  <register id="QPOSCTL" acronym="QPOSCTL" offset="0x2C" page="0" width="16" description="eQEP Position-compare Control Register" />
	<register id="QCAPCTL" acronym="QCAPCTL" offset="0x2E" page="0" width="16" description="eQEP Capture Control Register" />
  <register id="QFLG" acronym="QFLG" offset="0x30" page="0" width="16" description="eQEP Interrupt Flag Register" />
	<register id="QEINT" acronym="QEINT" offset="0x32" page="0" width="16" description="eQEP Interrupt Enable Register" />
  <register id="QFRC" acronym="QFRC" offset="0x34" page="0" width="16" description="eQEP Interrupt Force Register" />
	<register id="QCLR" acronym="QCLR" offset="0x36" page="0" width="16" description="eQEP Interrupt Clear Register" />
  <register id="QCTMR" acronym="QCTMR" offset="0x38" page="0" width="16" description="eQEP Capture Timer" />
	<register id="QEPSTS" acronym="QEPSTS" offset="0x3A" page="0" width="16" description="eQEP Status Register" />
  <register id="QCTMRLAT" acronym="QCTMRLAT" offset="0x3C" page="0" width="16" description="eQEP Capture Timer Latch" />
	<register id="QCPRD" acronym="QCPRD" offset="0x3E" page="0" width="16" description="eQEP Capture Period Register" />
  <register id="RESERVED" acronym="RESERVED" offset="0x40" page="0" width="16" description="RESERVED" />
	<register id="QCPRDLAT" acronym="QCPRDLAT" offset="0x42" page="0" width="16" description="eQEP Capture Period Latch" />
</module>
