<?xml version="1.0" encoding="UTF-8"?>
<module id="I2C" HW_revision="" XML_version="1" description="I2C Module">

<!-- (c) Texas Instruments 2003-2012, All rights reserved. -->
<!-- Filename: Hercules_I2C_TMS570LS3x.xml                 -->
<!-- Version: 1.0                                          -->

  <register id="I2COAR" acronym="I2COAR" offset="0x0" width="32" description="I2C Own Address Manager"></register>
  <register id="I2CIMR" acronym="I2CIMR" offset="0x4" width="32" description="I2C Interrupt Mask Register"></register>
  <register id="I2CSTR" acronym="I2CSTR" offset="0x8" width="32" description="I2C Status Register"></register>
  <register id="I2CCKL" acronym="I2CCKL" offset="0xC" width="32" description="I2C Clock Divider Low Register"></register>
  <register id="I2CCKH" acronym="I2CCKH" offset="0x10" width="32" description="I2C Clock Control High Register"></register>
  <register id="I2CCNT" acronym="I2CCNT" offset="0x14" width="32" description="I2C Data Count Register"></register>
  <register id="I2CDRR" acronym="I2CDRR" offset="0x18" width="32" description="I2C Data Receive Register"></register>
  <register id="I2CSAR" acronym="I2CSAR" offset="0x1C" width="32" description="I2C Slave Address Register"></register>
  <register id="I2CDXR" acronym="I2CDXR" offset="0x20" width="32" description="I2C Data Transmit Register"></register>
  <register id="I2CMDR" acronym="I2CMDR" offset="0x24" width="32" description="I2C Mode Register"></register>
  <register id="I2CIVR" acronym="I2CIVR" offset="0x28" width="32" description="I2C Interrupt Vector Register"></register>
  <register id="I2CEMDR" acronym="I2CEMDR" offset="0x2C" width="32" description="I2C Extended Mode Register"></register>
  <register id="I2CPSC" acronym="I2CPSC" offset="0x30" width="32" description="I2C Prescale Register"></register>
  <register id="I2CPID1" acronym="I2CPID1" offset="0x34" width="32" description="I2C Peripheral ID Register 1"></register>
  <register id="I2CPID2" acronym="I2CPID2" offset="0x38" width="32" description="I2C Peripheral ID Register 2"></register>
  <register id="I2CDMACR" acronym="I2CDMACR" offset="0x3C" width="32" description="I2C DMA Control Register"></register>
  <register id="I2CPFNC" acronym="I2CPFNC" offset="0x48" width="32" description="I2C Pin Function Register"></register>
  <register id="I2CPDIR" acronym="I2CPDIR" offset="0x4C" width="32" description="I2C Pin Direction Register"></register>
  <register id="I2CDIN" acronym="I2CDIN" offset="0x50" width="32" description="I2C Data Input Register"></register>
  <register id="I2CDOUT" acronym="I2CDOUT" offset="0x54" width="32" description="I2C Data Output Register"></register>
  <register id="I2CDSET" acronym="I2CDSET" offset="0x58" width="32" description="I2C Data Set Register"></register>
  <register id="I2CDCLR" acronym="I2CDCLR" offset="0x5C" width="32" description="I2C Data Clear Register"></register>
  <register id="I2CPDR" acronym="I2CPDR" offset="0x60" width="32" description="I2C Pin Open Drain Register"></register>
  <register id="I2CPDIS" acronym="I2CPDIS" offset="0x64" width="32" description="I2C Pull Disable Register"></register>
  <register id="I2CPSEL" acronym="I2CPSEL" offset="0x68" width="32" description="I2C Pull Select Register"></register>
  <register id="I2CSRS" acronym="I2CSRS" offset="0x6C" width="32" description="I2C Pins Slew Rate Select Register"></register>  
</module>
