<?xml version="1.0" encoding="UTF-8"?>
<module id="System_Registers" HW_revision="1" XML_version="1" description="" hidden="false">

      <!-- START: Coprocessor 15 Registers based on CortexR4 and CortexR4F TRM, Rev r1p3 -->
      <!-- Refer to section 4.2: System control coprocessor registers.  The order -->
      <!-- of the registers is the same as the order in which they are appear     -->
      <!-- in the Technical Reference Manual (TRM)                                -->

      <register id="CP15_ID_CODE" acronym="CP15_ID_CODE" width="32" description="" />
      <register id="CP15_MAIN_ID" acronym="CP15_MAIN_ID" width="32" description="" />
      <register id="CP15_CACHE_TYPE" acronym="CP15_CACHE_TYPE" width="32" description="" />
      <register id="CP15_TCM_TYPE" acronym="CP15_TCM_TYPE" width="32" description="" />
      <register id="CP15_MPU_TYPE" acronym="CP15_MPU_TYPE" width="32" description="" />
      <register id="CP15_MULTIPROCESSOR_ID" acronym="CP15_MULTIPROCESSOR_ID" width="32" description="" />
      <register id="CP15_PROCESSOR_FEATURE_0" acronym="CP15_PROCESSOR_FEATURE_0" width="32" description="" />
      <register id="CP15_PROCESSOR_FEATURE_1" acronym="CP15_PROCESSOR_FEATURE_1" width="32" description="" />
      <register id="CP15_DEBUG_FEATURE_0" acronym="CP15_DEBUG_FEATURE_0" width="32" description="" />
      <register id="CP15_AUXILIARY_FEATURE_0" acronym="CP15_AUXILIARY_FEATURE_0" width="32" description="" />
      <register id="CP15_MEMORY_MODEL_FEATURE_0" acronym="CP15_MEMORY_MODEL_FEATURE_0" width="32" description="" />
      <register id="CP15_MEMORY_MODEL_FEATURE_1" acronym="CP15_MEMORY_MODEL_FEATURE_1" width="32" description="" />
      <register id="CP15_MEMORY_MODEL_FEATURE_2" acronym="CP15_MEMORY_MODEL_FEATURE_2" width="32" description="" />
      <register id="CP15_MEMORY_MODEL_FEATURE_3" acronym="CP15_MEMORY_MODEL_FEATURE_3" width="32" description="" />
      <register id="CP15_INSTRUCTION_SET_ATTRIBUTE_0" acronym="CP15_INSTRUCTION_SET_ATTRIBUTE_0" width="32" description="" />
      <register id="CP15_INSTRUCTION_SET_ATTRIBUTE_1" acronym="CP15_INSTRUCTION_SET_ATTRIBUTE_1" width="32" description="" />
      <register id="CP15_INSTRUCTION_SET_ATTRIBUTE_2" acronym="CP15_INSTRUCTION_SET_ATTRIBUTE_2" width="32" description="" />
      <register id="CP15_INSTRUCTION_SET_ATTRIBUTE_3" acronym="CP15_INSTRUCTION_SET_ATTRIBUTE_3" width="32" description="" />
      <register id="CP15_INSTRUCTION_SET_ATTRIBUTE_4" acronym="CP15_INSTRUCTION_SET_ATTRIBUTE_4" width="32" description="" />
      <register id="CP15_INSTRUCTION_SET_ATTRIBUTE_5" acronym="CP15_INSTRUCTION_SET_ATTRIBUTE_5" width="32" description="" />
      <register id="CP15_CURRENT_CACHE_SIZE_ID" acronym="CP15_CURRENT_CACHE_SIZE_ID" width="32" description="" />
      <register id="CP15_CURRENT_CACHE_LEVEL_ID" acronym="CP15_CURRENT_CACHE_LEVEL_ID" width="32" description="" />
      <register id="CP15_CACHE_SIZE_SELECTION" acronym="CP15_CACHE_SIZE_SELECTION" width="32" description="" />
      <register id="CP15_SYSTEM_CONTROL" acronym="CP15_SYSTEM_CONTROL" width="32" description="" />
      <register id="CP15_AUXILIARY_CONTROL" acronym="CP15_AUXILIARY_CONTROL" width="32" description="" />
      <register id="CP15_COPROCESSOR_ACCESS" acronym="CP15_COPROCESSOR_ACCESS" width="32" description="" />
      <register id="CP15_DATA_FAULT_STATUS" acronym="CP15_DATA_FAULT_STATUS" width="32" description="" />
      <register id="CP15_INSTRUCTION_FAULT_STATUS" acronym="CP15_INSTRUCTION_FAULT_STATUS" width="32" description="" />
      <register id="CP15_AUX_DATA_FAULT_STATUS" acronym="CP15_AUX_DATA_FAULT_STATUS" width="32" description="" />
      <register id="CP15_AUX_INSTRUCTION_FAULT_STATUS" acronym="CP15_AUX_INSTRUCTION_FAULT_STATUS" width="32" description="" />
      <register id="CP15_DATA_FAULT_ADDRESS" acronym="CP15_DATA_FAULT_ADDRESS" width="32" description="" />
      <register id="CP15_INSTRUCTION_FAULT_ADDRESS" acronym="CP15_INSTRUCTION_FAULT_ADDRESS" width="32" description="" />
      <register id="CP15_MPU_REGION_BASE_ADDRESS" acronym="CP15_MPU_REGION_BASE_ADDRESS" width="32" description="" />
      <register id="CP15_MPU_REGION_SIZE_ENABLE" acronym="CP15_MPU_REGION_SIZE_ENABLE" width="32" description="" />
      <register id="CP15_MPU_REGION_ACCESS" acronym="CP15_MPU_REGION_ACCESS" width="32" description="" />
      <register id="CP15_MPU_REGION_NUMBER" acronym="CP15_MPU_REGION_NUMBER" width="32" description="" />
      <register id="CP15_NOP" acronym="CP15_NOP" width="32" description=""  rwaccess="W," />
      <register id="CP15_INVALIDATE_ENTIRE_ICACHE" acronym="CP15_INVALIDATE_ENTIRE_ICACHE" width="32" description="" rwaccess="W," />
      <register id="CP15_ICACHE_INVALIDATE_ALL_TO_POU" acronym="CP15_ICACHE_INVALIDATE_ALL_TO_POU" width="32" description="" rwaccess="W," />
      <register id="CP15_ICACHE_FLUSH_PREFETCH_BUFFER" acronym="CP15_ICACHE_FLUSH_PREFETCH_BUFFER" width="32" description="" rwaccess="W," />
      <register id="CP15_ICACHE_INVALIDATE_ENTIRE_BPA" acronym="CP15_ICACHE_INVALIDATE_ENTIRE_BPA" width="32" description="" rwaccess="W," />
      <register id="CP15_ICACHE_INVALIDATE_ADDRESS_FROM_BPA" acronym="CP15_ICACHE_INVALIDATE_ADDRESS_FROM_BPA" width="32" description="" rwaccess="W," />
      <register id="CP15_DCACHE_INVALIDATE_LINE_BY_PHYSICAL_ADDRESS" acronym="CP15_DCACHE_INVALIDATE_LINE_BY_PHYSICAL_ADDRESS" width="32" description="" rwaccess="W," />
      <register id="CP15_DCACHE_INVALIDATE_LINE_BY_SETWAY" acronym="CP15_DCACHE_INVALIDATE_LINE_BY_SETWAY" width="32" description="" rwaccess="W," />
      <register id="CP15_DCACHE_CLEAN_LINE_BY_PHYSICAL_ADDRESS" acronym="CP15_DCACHE_CLEAN_LINE_BY_PHYSICAL_ADDRESS" width="32" description="" rwaccess="W," />
      <register id="CP15_DCACHE_CLEAN_LINE_BY_SETWAY" acronym="CP15_DCACHE_CLEAN_LINE_BY_SETWAY" width="32" description="" rwaccess="W," />
      <register id="CP15_DATA_SYNCHRONIZATION_BARRIER" acronym="CP15_DATA_SYNCHRONIZATION_BARRIER" width="32" description="" rwaccess="W," />
      <register id="CP15_DATA_MEMORY_BARRIER" acronym="CP15_DATA_MEMORY_BARRIER" width="32" description="" rwaccess="W," />
      <register id="CP15_DCACHE_CLEAN_BYPATOPOU" acronym="CP15_DCACHE_CLEAN_BYPATOPOU" width="32" description="" rwaccess="W," />
      <register id="CP15_DCACHE_CLEAN_INVALIDATE_LINE_BYPATOPOU" acronym="CP15_DCACHE_CLEAN_INVALIDATE_LINE_BYPATOPOU" width="32" description="" rwaccess="W," />
      <register id="CP15_DCACHE_CLEAN_INVALIDATE_LINE_BY_SETWAY" acronym="CP15_DCACHE_CLEAN_INVALIDATE_LINE_BY_SETWAY" width="32" description="" rwaccess="W," />
      <register id="CP15_TCM_BTCM_REGION" acronym="CP15_TCM_BTCM_REGION" width="32" description="" />
      <register id="CP15_TCM_ATCM_REGION" acronym="CP15_TCM_ATCM_REGION" width="32" description="" />
      <register id="CP15_TCM_TCM_SELECTION" acronym="CP15_TCM_TCM_SELECTION" width="32" description="" />
      <register id="CP15_PERFORMANCE_MONITOR_CONTROL" acronym="CP15_PERFORMANCE_MONITOR_CONTROL" width="32" description="" />
      <register id="CP15_COUNT_ENABLE_SET" acronym="CP15_COUNT_ENABLE_SET" width="32" description="" />
      <register id="CP15_COUNT_ENABLE_CLEAR" acronym="CP15_COUNT_ENABLE_CLEAR" width="32" description="" />
      <register id="CP15_OVERFLOW_FLAG_STATUS" acronym="CP15_OVERFLOW_FLAG_STATUS" width="32" description="" />
      <register id="CP15_SOFTWARE_INCREMENT" acronym="CP15_SOFTWARE_INCREMENT" width="32" description="" rwaccess="W," />
      <register id="CP15_COUNTER_SELECTION" acronym="CP15_COUNTER_SELECTION" width="32" description="" />
      <register id="CP15_CYCLE_COUNT" acronym="CP15_CYCLE_COUNT" width="32" description="" />
      <register id="CP15_EVENT_SELECTION" acronym="CP15_EVENT_SELECTION" width="32" description="" />
      <register id="CP15_PERFORMANCE_MONITOR_COUNT" acronym="CP15_PERFORMANCE_MONITOR_COUNT" width="32" description="" />
      <register id="CP15_USER_ENABLE" acronym="CP15_USER_ENABLE" width="32" description="" />
      <register id="CP15_INTERRUPT_ENABLE_SET" acronym="CP15_INTERRUPT_ENABLE_SET" width="32" description="" />
      <register id="CP15_INTERRUPT_ENABLE_CLEAR" acronym="CP15_INTERRUPT_ENABLE_CLEAR" width="32" description="" />
      <register id="CP15_SLAVE_PORT_CONTROL" acronym="CP15_SLAVE_PORT_CONTROL" width="32" description="" />
      <register id="CP15_FCSE_PID" acronym="CP15_FCSE_PID" width="32" description="" />
      <register id="CP15_CONTEXT_ID" acronym="CP15_CONTEXT_ID" width="32" description="" />
      <register id="CP15_USER_READ_WRITE_THREAD_PROCESS_ID" acronym="CP15_USER_READ_WRITE_THREAD_PROCESS_ID" width="32" description="" />
      <register id="CP15_USER_READ_ONLY_THREAD_PROCESS_ID" acronym="CP15_USER_READ_ONLY_THREAD_PROCESS_ID" width="32" description="" />
      <register id="CP15_PRIVILEDGED_ONLY_THREAD_PROCESS_ID" acronym="CP15_PRIVILEDGED_ONLY_THREAD_PROCESS_ID" width="32" description="" />
      <register id="CP15_SECONDARY_AUXILIARY_CONTROL" acronym="CP15_SECONDARY_AUXILIARY_CONTROL" width="32" description="" />
      <register id="CP15_NVAL_IRQ_ENABLE_SET" acronym="CP15_NVAL_IRQ_ENABLE_SET" width="32" description="" />
      <register id="CP15_NVAL_FIQ_ENABLE_SET" acronym="CP15_NVAL_FIQ_ENABLE_SET" width="32" description="" />
      <register id="CP15_NVAL_RESET_ENABLE_SET" acronym="CP15_NVAL_RESET_ENABLE_SET" width="32" description="" />
      <register id="CP15_NVAL_DEBUG_REQUEST_ENABLE_SET" acronym="CP15_NVAL_DEBUG_REQUEST_ENABLE_SET" width="32" description="" />
      <register id="CP15_NVAL_IRQ_ENABLE_CLEAR" acronym="CP15_NVAL_IRQ_ENABLE_CLEAR" width="32" description="" />
      <register id="CP15_NVAL_FIQ_ENABLE_CLEAR" acronym="CP15_NVAL_FIQ_ENABLE_CLEAR" width="32" description="" />
      <register id="CP15_NVAL_RESET_ENABLE_CLEAR" acronym="CP15_NVAL_RESET_ENABLE_CLEAR" width="32" description="" />
      <register id="CP15_NVAL_DEBUG_REQUEST_ENABLE_CLEAR" acronym="CP15_NVAL_DEBUG_REQUEST_ENABLE_CLEAR" width="32" description="" />
      <register id="CP15_BUILD_OPTIONS_1" acronym="CP15_BUILD_OPTIONS_1" width="32" description="" />
      <register id="CP15_BUILD_OPTIONS_2" acronym="CP15_BUILD_OPTIONS_2" width="32" description="" />
      <register id="CP15_CORRECTABLE_FAULT_LOCATION" acronym="CP15_CORRECTABLE_FAULT_LOCATION" width="32" description="" />
      <register id="CP15_INVALIDATE_ALL_DATA_CACHE" acronym="CP15_INVALIDATE_ALL_DATA_CACHE" width="32" description="" rwaccess="W," />
      <register id="CP15_CACHE_SIZE_OVERRIDE" acronym="CP15_CACHE_SIZE_OVERRIDE" width="32" description="" rwaccess="W," />
      <!-- END Coprocessor 15 Registers based on CortexR4 and CortexR4F TRM, Rev r1p3 -->

</module>
