<?xml version="1.0" encoding="UTF-8"?>
<module id="Debug_Registers" HW_revision="1" XML_version="1" description="" hidden="false">

      <register id="REG_DIDR" acronym="REG_DIDR" width="32" description="" rwaccess="RW,RW"/>
      <register id="BPWP_VERSION" acronym="BPWP_VERSION" width="32" description="" rwaccess="RW,RW"/>
      <register id="BPWP_NUM_BP_AVAILABLE" acronym="BPWP_NUM_BP_AVAILABLE" width="32" description="" rwaccess="RW,RW"/>
      <register id="BPWP_NUM_BP_WITH_CONTEXT" acronym="BPWP_NUM_BP_WITH_CONTEXT" width="32" description="" rwaccess="RW,RW"/>
      <register id="BPWP_FIRST_CONTEXT_BP" acronym="BPWP_FIRST_CONTEXT_BP" width="32" description="" rwaccess="RW,RW"/>
      <register id="BPWP_NUM_WP_AVAILABLE" acronym="BPWP_NUM_WP_AVAILABLE" width="32" description="" rwaccess="RW,RW"/>
      <register id="BPWP_BP_ADDR0" acronym="BPWP_BP_ADDR0" width="32" description="" rwaccess="RW,RW"/>
      <register id="BPWP_BP_ADDR1" acronym="BPWP_BP_ADDR1" width="32" description="" rwaccess="RW,RW"/>
      <register id="BPWP_BP_ADDR2" acronym="BPWP_BP_ADDR2" width="32" description="" rwaccess="RW,RW"/>
      <register id="BPWP_BP_ADDR3" acronym="BPWP_BP_ADDR3" width="32" description="" rwaccess="RW,RW"/>
      <register id="BPWP_BP_ADDR4" acronym="BPWP_BP_ADDR4" width="32" description="" rwaccess="RW,RW"/>
      <register id="BPWP_BP_ADDR5" acronym="BPWP_BP_ADDR5" width="32" description="" rwaccess="RW,RW"/>
      <register id="BPWP_BP_ADDR6" acronym="BPWP_BP_ADDR6" width="32" description="" rwaccess="RW,RW"/>
      <register id="BPWP_BP_ADDR7" acronym="BPWP_BP_ADDR7" width="32" description="" rwaccess="RW,RW"/>
      <register id="BPWP_BP_ADDR8" acronym="BPWP_BP_ADDR8" width="32" description="" rwaccess="RW,RW"/>
      <register id="BPWP_BP_ADDR9" acronym="BPWP_BP_ADDR9" width="32" description="" rwaccess="RW,RW"/>
      <register id="BPWP_BP_ADDR10" acronym="BPWP_BP_ADDR10" width="32" description="" rwaccess="RW,RW"/>
      <register id="BPWP_BP_ADDR11" acronym="BPWP_BP_ADDR11" width="32" description="" rwaccess="RW,RW"/>
      <register id="BPWP_BP_ADDR12" acronym="BPWP_BP_ADDR12" width="32" description="" rwaccess="RW,RW"/>
      <register id="BPWP_BP_ADDR13" acronym="BPWP_BP_ADDR13" width="32" description="" rwaccess="RW,RW"/>
      <register id="BPWP_BP_ADDR14" acronym="BPWP_BP_ADDR14" width="32" description="" rwaccess="RW,RW"/>
      <register id="BPWP_BP_ADDR15" acronym="BPWP_BP_ADDR15" width="32" description="" rwaccess="RW,RW"/>
      <register id="BPWP_BP_CNTL0" acronym="BPWP_BP_CNTL0" width="32" description="" rwaccess="RW,RW"/>
      <register id="BPWP_BP_CNTL1" acronym="BPWP_BP_CNTL1" width="32" description="" rwaccess="RW,RW"/>
      <register id="BPWP_BP_CNTL2" acronym="BPWP_BP_CNTL2" width="32" description="" rwaccess="RW,RW"/>
      <register id="BPWP_BP_CNTL3" acronym="BPWP_BP_CNTL3" width="32" description="" rwaccess="RW,RW"/>
      <register id="BPWP_BP_CNTL4" acronym="BPWP_BP_CNTL4" width="32" description="" rwaccess="RW,RW"/>
      <register id="BPWP_BP_CNTL5" acronym="BPWP_BP_CNTL5" width="32" description="" rwaccess="RW,RW"/>
      <register id="BPWP_BP_CNTL6" acronym="BPWP_BP_CNTL6" width="32" description="" rwaccess="RW,RW"/>
      <register id="BPWP_BP_CNTL7" acronym="BPWP_BP_CNTL7" width="32" description="" rwaccess="RW,RW"/>
      <register id="BPWP_BP_CNTL8" acronym="BPWP_BP_CNTL8" width="32" description="" rwaccess="RW,RW"/>
      <register id="BPWP_BP_CNTL9" acronym="BPWP_BP_CNTL9" width="32" description="" rwaccess="RW,RW"/>
      <register id="BPWP_BP_CNTL10" acronym="BPWP_BP_CNTL10" width="32" description="" rwaccess="RW,RW"/>
      <register id="BPWP_BP_CNTL11" acronym="BPWP_BP_CNTL11" width="32" description="" rwaccess="RW,RW"/>
      <register id="BPWP_BP_CNTL12" acronym="BPWP_BP_CNTL12" width="32" description="" rwaccess="RW,RW"/>
      <register id="BPWP_BP_CNTL13" acronym="BPWP_BP_CNTL13" width="32" description="" rwaccess="RW,RW"/>
      <register id="BPWP_BP_CNTL14" acronym="BPWP_BP_CNTL14" width="32" description="" rwaccess="RW,RW"/>
      <register id="BPWP_BP_CNTL15" acronym="BPWP_BP_CNTL15" width="32" description="" rwaccess="RW,RW"/>
      <register id="BPWP_WP_ADDR0" acronym="BPWP_WP_ADDR0" width="32" description="" rwaccess="RW,RW"/>
      <register id="BPWP_WP_ADDR1" acronym="BPWP_WP_ADDR1" width="32" description="" rwaccess="RW,RW"/>
      <register id="BPWP_WP_ADDR2" acronym="BPWP_WP_ADDR2" width="32" description="" rwaccess="RW,RW"/>
      <register id="BPWP_WP_ADDR3" acronym="BPWP_WP_ADDR3" width="32" description="" rwaccess="RW,RW"/>
      <register id="BPWP_WP_ADDR4" acronym="BPWP_WP_ADDR4" width="32" description="" rwaccess="RW,RW"/>
      <register id="BPWP_WP_ADDR5" acronym="BPWP_WP_ADDR5" width="32" description="" rwaccess="RW,RW"/>
      <register id="BPWP_WP_ADDR6" acronym="BPWP_WP_ADDR6" width="32" description="" rwaccess="RW,RW"/>
      <register id="BPWP_WP_ADDR7" acronym="BPWP_WP_ADDR7" width="32" description="" rwaccess="RW,RW"/>
      <register id="BPWP_WP_ADDR8" acronym="BPWP_WP_ADDR8" width="32" description="" rwaccess="RW,RW"/>
      <register id="BPWP_WP_ADDR9" acronym="BPWP_WP_ADDR9" width="32" description="" rwaccess="RW,RW"/>
      <register id="BPWP_WP_ADDR10" acronym="BPWP_WP_ADDR10" width="32" description="" rwaccess="RW,RW"/>
      <register id="BPWP_WP_ADDR11" acronym="BPWP_WP_ADDR11" width="32" description="" rwaccess="RW,RW"/>
      <register id="BPWP_WP_ADDR12" acronym="BPWP_WP_ADDR12" width="32" description="" rwaccess="RW,RW"/>
      <register id="BPWP_WP_ADDR13" acronym="BPWP_WP_ADDR13" width="32" description="" rwaccess="RW,RW"/>
      <register id="BPWP_WP_ADDR14" acronym="BPWP_WP_ADDR14" width="32" description="" rwaccess="RW,RW"/>
      <register id="BPWP_WP_ADDR15" acronym="BPWP_WP_ADDR15" width="32" description="" rwaccess="RW,RW"/>
      <register id="BPWP_WP_CNTL0" acronym="BPWP_WP_CNTL0" width="32" description="" rwaccess="RW,RW"/>
      <register id="BPWP_WP_CNTL1" acronym="BPWP_WP_CNTL1" width="32" description="" rwaccess="RW,RW"/>
      <register id="BPWP_WP_CNTL2" acronym="BPWP_WP_CNTL2" width="32" description="" rwaccess="RW,RW"/>
      <register id="BPWP_WP_CNTL3" acronym="BPWP_WP_CNTL3" width="32" description="" rwaccess="RW,RW"/>
      <register id="BPWP_WP_CNTL4" acronym="BPWP_WP_CNTL4" width="32" description="" rwaccess="RW,RW"/>
      <register id="BPWP_WP_CNTL5" acronym="BPWP_WP_CNTL5" width="32" description="" rwaccess="RW,RW"/>
      <register id="BPWP_WP_CNTL6" acronym="BPWP_WP_CNTL6" width="32" description="" rwaccess="RW,RW"/>
      <register id="BPWP_WP_CNTL7" acronym="BPWP_WP_CNTL7" width="32" description="" rwaccess="RW,RW"/>
      <register id="BPWP_WP_CNTL8" acronym="BPWP_WP_CNTL8" width="32" description="" rwaccess="RW,RW"/>
      <register id="BPWP_WP_CNTL9" acronym="BPWP_WP_CNTL9" width="32" description="" rwaccess="RW,RW"/>
      <register id="BPWP_WP_CNTL10" acronym="BPWP_WP_CNTL10" width="32" description="" rwaccess="RW,RW"/>
      <register id="BPWP_WP_CNTL11" acronym="BPWP_WP_CNTL11" width="32" description="" rwaccess="RW,RW"/>
      <register id="BPWP_WP_CNTL12" acronym="BPWP_WP_CNTL12" width="32" description="" rwaccess="RW,RW"/>
      <register id="BPWP_WP_CNTL13" acronym="BPWP_WP_CNTL13" width="32" description="" rwaccess="RW,RW"/>
      <register id="BPWP_WP_CNTL14" acronym="BPWP_WP_CNTL14" width="32" description="" rwaccess="RW,RW"/>
      <register id="BPWP_WP_CNTL15" acronym="BPWP_WP_CNTL15" width="32" description="" rwaccess="RW,RW"/>

</module>
