﻿<?xml version="1.0"?>
<doc>
<assembly>
<name>
GIFT APP
</name>
</assembly>
<members>
<member name="T:GIFT_APP.My.Resources.Resources">
<summary>
  A strongly-typed resource class, for looking up localized strings, etc.
</summary>
</member>
<member name="P:GIFT_APP.My.Resources.Resources.ResourceManager">
<summary>
  Returns the cached ResourceManager instance used by this class.
</summary>
</member>
<member name="P:GIFT_APP.My.Resources.Resources.Culture">
<summary>
  Overrides the current thread's CurrentUICulture property for all
  resource lookups using this strongly typed resource class.
</summary>
</member>
<member name="P:GIFT_APP.My.Resources.Resources.account">
<summary>
  Looks up a localized resource of type System.Drawing.Bitmap.
</summary>
</member>
<member name="P:GIFT_APP.My.Resources.Resources.cross">
<summary>
  Looks up a localized resource of type System.Drawing.Bitmap.
</summary>
</member>
<member name="P:GIFT_APP.My.Resources.Resources.database">
<summary>
  Looks up a localized resource of type System.Drawing.Bitmap.
</summary>
</member>
<member name="P:GIFT_APP.My.Resources.Resources.gear">
<summary>
  Looks up a localized resource of type System.Drawing.Bitmap.
</summary>
</member>
<member name="P:GIFT_APP.My.Resources.Resources.home_button">
<summary>
  Looks up a localized resource of type System.Drawing.Bitmap.
</summary>
</member>
<member name="P:GIFT_APP.My.Resources.Resources.images">
<summary>
  Looks up a localized resource of type System.Drawing.Bitmap.
</summary>
</member>
<member name="P:GIFT_APP.My.Resources.Resources.information">
<summary>
  Looks up a localized resource of type System.Drawing.Bitmap.
</summary>
</member>
<member name="P:GIFT_APP.My.Resources.Resources.Jabil_Logo_wine">
<summary>
  Looks up a localized resource of type System.Drawing.Bitmap.
</summary>
</member>
<member name="P:GIFT_APP.My.Resources.Resources.menu">
<summary>
  Looks up a localized resource of type System.Drawing.Bitmap.
</summary>
</member>
<member name="P:GIFT_APP.My.Resources.Resources.menu_bar">
<summary>
  Looks up a localized resource of type System.Drawing.Bitmap.
</summary>
</member>
<member name="P:GIFT_APP.My.Resources.Resources.search_engine_optimization">
<summary>
  Looks up a localized resource of type System.Drawing.Bitmap.
</summary>
</member>
<member name="P:GIFT_APP.My.Resources.Resources.setting">
<summary>
  Looks up a localized resource of type System.Drawing.Bitmap.
</summary>
</member>
<member name="P:GIFT_APP.My.Resources.Resources.settings">
<summary>
  Looks up a localized resource of type System.Drawing.Bitmap.
</summary>
</member>
<member name="P:GIFT_APP.My.Resources.Resources.time">
<summary>
  Looks up a localized resource of type System.Drawing.Bitmap.
</summary>
</member>
<member name="P:GIFT_APP.My.Resources.Resources.time_management">
<summary>
  Looks up a localized resource of type System.Drawing.Bitmap.
</summary>
</member>
<member name="P:GIFT_APP.My.Resources.Resources.update">
<summary>
  Looks up a localized resource of type System.Drawing.Bitmap.
</summary>
</member>
<member name="P:GIFT_APP.My.Resources.Resources.user">
<summary>
  Looks up a localized resource of type System.Drawing.Bitmap.
</summary>
</member>
<member name="P:GIFT_APP.My.Resources.Resources.work_in_progress">
<summary>
  Looks up a localized resource of type System.Drawing.Bitmap.
</summary>
</member>
</members>
</doc>
