<?xml version="1.0" encoding="UTF-8"?>
<PropertyList xmlns:xsi="http://www.w3.org/2001/XMLSchema-instance">
	<!-- Nodes -->
	<node id="FlashProgrammerNode">
		<name>Flash Settings</name>
		<children>
			<child>COMPort</child>
			<child>COMPortText</child>
			<child>MemSelectRadio</child>
		</children>
	</node>

	<categories>
		<category>Setup</category>
		<category>Format</category>
	</categories>
	
	<!-- Property Definitions -->
	<property id="COMPortText">
		<target>generic</target>
		<name>Example - COM1 (Windows), /dev/ttyACM0 (Linux)</name>
		<valueType>Text</valueType>
		<categories>
            <category>Setup</category>
        </categories>
		<quickSetting />
	</property>
	<property id="COMPort">
		<target>generic</target>
		<name>COM Port</name>
		<valueType>String</valueType>
		<defaultValue>COM1</defaultValue>
		<description>Enter the serial port for the device named "XDS110 Class Application/User UART".
		</description>
		<categories>
            <category>Setup</category>
        </categories>
		<quickSetting />
	</property>
	
	<property id="MemSelectRadio">
		<target>generic</target>
		<name>Target Memory Selection</name>
		<valueType>String</valueType>	
		<defaultValue>SFLASH</defaultValue>
		<readOnly>1</readOnly>
		<description>The Target Memory to where the flash files will be downloaded.
		</description>
		<categories>
			<category>Setup</category>
	    </categories>
	</property>
	
	<!-- Finish -->
</PropertyList>