<?xml version="1.0"?>
<drivers id="CS_DAP">    
    <isa Type="CS_DAP" ProcID="0x38000405">        
        <driver file="..\..\..\emulation\drivers\tixds510cs_dap.dvr">
            <connectionType Type="TIXDS100v2"/>
               <!--Router level property-->            
               <property Name="DAP TAP ID" Type="numericfield" Value="0x0" NumericType="HEX" UpperBound="0xFFFFFFFF" LowerBound="0" ID="device.identify"/>            
               <property Name="Port Number" Type="numericfield" Value="0x0" NumericType="HEX" UpperBound="0xFFFF" LowerBound="0" SubPath="true" ID="subpath.address"/>
               <property Name="Initial Configuration" Type="choicelist" Value="1" SubPath="true" ID="subpath.initial">                
                         <choice Name="Yes" value="1"/>                
                         <choice Name="No" value="0"/>            
               </property>            
               <property Name="Custom Configuration" Type="choicelist" Value="1" SubPath="true" ID="subpath.custom">                
                         <choice Name="Yes" value="1"/>                
                         <choice Name="No" value="0"/>            
               </property>            
               <property Name="Type" Type="choicelist" Value="0x1" SubPath="true" ID="subpath.type">                
                         <choice Name="debug"   value="debug"/>                
                         <choice Name="legacy"  value="legacy"/>                                                        
                         <choice Name="virtual" value="virtual"/>            
               </property>                  
               <property Name="Force Configuration" Type="choicelist" Value="1" SubPath="true" ID="subpath.force">                
                         <choice Name="No" value="0"/>                
                         <choice Name="Yes" value="1"/>            
               </property>            
               <property Name="Pseudo" Type="choicelist" Value="0" SubPath="true" ID="subpath.pseudo">                
                         <choice Name="Yes" value="1"/>                
                         <choice Name="No" value="0"/>            
               </property>
               <property Name="Device Management" Type="choicelist" Value="0" ID="device.Revision">
                    <choice Name="Legacy"  value="Legacy"/>
                    <choice Name="Power-AP" value="Power-AP"/>
                </property>
               <property id="DAP AP Configuration" Type="hiddenfield" Value="0x1" />
               <property Name="Support System Reset While Connected" Type="hiddenfield" Value="1" ID="device.SystemResetWhileConnected" />
               <property id="Use Board Reset" Type="hiddenfield" Value="0" />
               <property Type="hiddenfield" Value="false" id="capableDebugPowerDisconnectOpts" />
        </driver>    
    </isa>
</drivers>
